{
	"class_name" : "PinholeCameraParameters",
	"extrinsic" : 
	[
		0.94785626578355242,
		-0.081587938483243944,
		0.30807776243817736,
		0.0,
		-0.032608730895761592,
		-0.98643044102614741,
		-0.16090884278475298,
		0.0,
		0.31702550383877232,
		0.14247243000319379,
		-0.93765475341660687,
		0.0,
		-0.34465719231818531,
		-0.04553103365066502,
		2.2873369006961486,
		1.0
	],
	"intrinsic" : 
	{
		"height" : 1016,
		"intrinsic_matrix" : 
		[
			879.88181024498977,
			0.0,
			0.0,
			0.0,
			879.88181024498977,
			0.0,
			926.0,
			507.5,
			1.0
		],
		"width" : 1853
	},
	"version_major" : 1,
	"version_minor" : 0
}